name,employee_Id,office_id,email,start_date,primary_city
juan holman,1,6,Jua.HOLM9362@mail2web.com,8/29/2014,mesa
camren bernard,2,15,Cam.BER9599@gmail.com,1/19/2015,orlando
guadalupe juarez,3,13,Guada.JUAR7992@live.com,12/6/2013,west valley city
lesly eaton,4,11,Les.EA7549@mail2web.com,5/20/2015,savannah
nancy macias,5,3,Nan.MAC5551@mail2web.com,10/24/2013,coral springs
analia stein,6,15,Analia.STEIN6731@hushmail.com,9/20/2013,amarillo
lennox bruce,7,17,Lenn.BRU8812@yahoo.com,7/12/2013,seattle
erick glover,8,15,Eri.GLO8013@live.com,11/28/2013,peoria
londyn mayer,9,8,Lon.MAYE7721@mail2web.com,1/7/2014,denver
whitney schroeder,10,14,Whit.SCHROE6593@gmail.com,7/23/2014,ann arbor
jamal pratt,11,5,Jama.PRAT3334@mail2web.com,8/22/2015,peoria
salvador dunlap,12,17,Salvador.DUNLAP6083@mail2web.com,4/29/2013,moreno valley
mike sanford,13,9,Mik.SANF9808@gmail.com,2/24/2014,coral springs
hudson wilson,14,8,Hudso.WILSON6527@mail2web.com,8/6/2015,tucson
marc roman,15,19,Mar.ROMA4689@hushmail.com,9/11/2013,arlington
paul anthony,16,2,Paul.ANTHO7558@live.com,11/25/2015,jackson
iris carrillo,17,11,Ir.CARR5271@hushmail.com,1/20/2014,anchorage
journee hendrix,18,14,Journee.HENDR1412@yahoo.com,6/6/2013,birmingham
greta butler,19,8,Gret.BUTL8470@yahoo.com,3/13/2014,bakersfield
tatum mcclain,20,15,Tatum.MCCLA6680@mail2web.com,12/3/2014,virginia beach
dane carney,21,15,Dan.CARNE7088@live.com,1/23/2013,sterling heights
julissa mercado,22,4,Julissa.MERC4858@hushmail.com,9/20/2013,salt lake city
brooklynn pratt,23,7,Brookl.PRA1532@live.com,8/29/2015,chattanooga
aryan zimmerman,24,4,Aryan.ZIMMERMA4330@hushmail.com,12/16/2015,overland park
seth landry,25,3,Seth.LAND7842@mail2web.com,9/10/2014,lubbock
chana wheeler,26,8,Ch.WHEELE4890@gmail.com,7/1/2015,birmingham
sienna lane,27,19,Sienn.LANE1974@hushmail.com,2/1/2014,washington
jaylen gibson,28,7,Jayle.GIBSO2575@live.com,11/25/2013,nashville
elliot serrano,29,14,Elli.SERR3832@hushmail.com,4/11/2014,garland
agustin mason,30,1,Agu.MA3799@mail2web.com,3/18/2014,glendale
braylin navarro,31,6,Braylin.NAVARRO4712@hushmail.com,2/19/2013,wichita
vivian jimenez,32,7,Viv.JIM4651@hushmail.com,12/31/2013,chattanooga
hope hopper,33,2,Hop.HOPPER5015@live.com,12/30/2015,chandler
gunner ratliff,34,19,Gunn.RATLIF7003@live.com,4/20/2014,hartford
bridget olson,35,6,Bridge.OLSO4412@live.com,12/9/2014,fremont
galilea holloway,36,17,Galil.HOLLOWA5816@live.com,11/24/2013,paterson
landyn read,37,14,Landy.Re9798@gmail.com,1/28/2013,washington
kiersten norris,38,2,Kiersten.NOR9834@yahoo.com,3/22/2015,stockton
augustus calhoun,39,19,Augus.CALHO4280@mail2web.com,9/23/2015,jersey city
zaire riggs,40,17,Zair.RIGG3515@hushmail.com,6/9/2015,chattanooga
kyson chen,41,18,Kyson.CH4634@hushmail.com,12/4/2014,indianapolis
valeria sears,42,16,Valer.SEA5666@gmail.com,8/3/2015,minneapolis
alannah morrow,43,11,Alanna.MOR9945@gmail.com,11/23/2015,amarillo
deegan kirkland,44,14,Dee.KIRK4400@mail2web.com,3/18/2015,lakewood
kristen morton,45,9,Kriste.MOR4010@hushmail.com,1/1/2013,norfolk
bethany carlson,46,5,Bethany.CARLSON2494@yahoo.com,10/13/2014,new orleans
alec pratt,47,4,Al.PR8619@live.com,8/28/2014,baton rouge
bo schmidt,48,3,B.SCHMI2338@yahoo.com,1/16/2014,alexandria
cruz richmond,49,17,Cruz.RICHMON7348@mail2web.com,5/24/2014,dallas
ruby benjamin,50,18,Rub.BENJAMIN5160@hushmail.com,6/29/2013,plano
ana harding,51,20,An.HARDI8827@live.com,8/27/2015,allentown
jedidiah oliver,52,19,Jedidia.OLIVER3371@gmail.com,7/13/2013,jersey city
sterling fitzgerald,53,18,Ster.FITZG7404@gmail.com,12/3/2015,austin
kayden pollard,54,18,Kayden.POLLARD2323@live.com,11/28/2014,bridgeport
derek howe,55,8,Dere.HO8874@live.com,10/1/2014,el paso
raylan fischer,56,5,Ray.FISC5740@mail2web.com,12/12/2013,syracuse
tianna barrera,57,17,Tian.BARRE5098@yahoo.com,11/8/2015,chesapeake
rayden buckner,58,13,Rayden.BUCKN9861@mail2web.com,1/25/2013,lansing
lea sargent,59,20,Le.SARGEN7246@live.com,10/25/2013,akron
carolyn shepherd,60,7,Carol.SHEPHERD6017@yahoo.com,9/3/2014,tempe
melody buckner,61,8,Melody.BUCKNE1258@yahoo.com,4/9/2013,sacramento
haley banks,62,10,Ha.BA3830@mail2web.com,11/16/2015,fort wayne
violet norton,63,14,Vio.NORTON4814@yahoo.com,12/30/2015,gainesville
antonio haley,64,11,Ant.HALEY5218@yahoo.com,7/11/2014,fort wayne
halle briggs,65,14,Hal.BRI8011@hushmail.com,12/3/2013,irvine
jewel long,66,13,Jew.LO8252@hushmail.com,1/9/2014,houston
tegan ray,67,17,Tegan.RAY7634@live.com,5/18/2014,west valley city
shawn stuart,68,10,Shaw.STU7032@hushmail.com,9/1/2013,kansas city
serenity mckay,69,2,Serenit.MCK2633@live.com,12/25/2014,thornton
isaac quinn,70,19,Isa.QUI8218@gmail.com,11/8/2013,new york
james alston,71,9,Jam.ALSTON7290@live.com,6/12/2015,san francisco
joaquin murphy,72,19,Joa.MURPHY4732@gmail.com,11/10/2013,chesapeake
aryanna pace,73,4,Aryann.PACE1262@gmail.com,2/8/2013,aurora
hayes cote,74,3,Ha.COTE7055@hushmail.com,7/30/2013,garland
teresa rowe,75,18,Teres.ROW7558@yahoo.com,6/14/2014,rockford
ben fuller,76,10,Ben.FUL8379@hushmail.com,12/11/2014,dayton
celia leonard,77,18,Celi.LEO5444@hushmail.com,2/12/2014,syracuse
bryce carrillo,78,18,Bry.CARRILLO4777@yahoo.com,4/15/2015,chattanooga
dax ferguson,79,11,Da.FERG7264@yahoo.com,9/3/2013,birmingham
alejandra weiss,80,8,Alejan.WE8778@live.com,3/26/2014,tallahassee
alicia fuller,81,2,Alicia.FUL2704@hushmail.com,12/31/2015,rockford
cassius parsons,82,10,Cassiu.PARSON3282@gmail.com,4/5/2014,tampa
felix dickerson,83,9,Fe.DICKERSON6169@gmail.com,1/20/2014,boston
cheyanne stanley,84,12,Cheya.STA2547@hushmail.com,7/15/2013,oxnard
benton salazar,85,4,Bento.SALAZAR3176@live.com,5/29/2015,fresno
nylah davis,86,2,Nyla.DAVI3582@yahoo.com,3/14/2015,st. petersburg
rebecca oneil,87,1,Rebecc.ONEI6568@live.com,2/23/2014,baton rouge
chana porter,88,4,Chana.PORTER7094@live.com,1/17/2015,tallahassee
karsyn sawyer,89,15,Karsyn.SAWYER9078@yahoo.com,2/18/2015,tulsa
johann bryant,90,12,Johan.BRYA1990@live.com,7/3/2013,durham
leyla moody,91,1,Leyl.MOODY5797@yahoo.com,3/2/2015,virginia beach
lydia workman,92,11,Lydi.WORKM2764@gmail.com,2/21/2013,philadelphia
mia kirk,93,2,M.KIRK8991@yahoo.com,6/2/2013,chula vista
chad melendez,94,13,Chad.MELE6072@yahoo.com,3/22/2014,buffalo
makenzie bauer,95,5,Maken.BAU2215@mail2web.com,2/21/2014,jersey city
nico harris,96,19,Ni.HARRIS2801@hushmail.com,12/5/2014,shreveport
mathias schroeder,97,20,Mathi.SCHRO9867@live.com,7/1/2013,fort wayne
lainey sims,98,6,Lainey.SIMS3796@mail2web.com,10/23/2013,salem
esmeralda alford,99,16,Esmerald.ALFOR9276@gmail.com,9/22/2013,tampa
lilyanna bowman,100,12,Lilyanna.BOWMAN5229@live.com,7/1/2015,kansas city
brendon elliott,101,16,Brendo.ELLIO9539@live.com,10/12/2013,akron
kennedy reynolds,102,5,Kenn.REYNOLD6406@gmail.com,5/2/2013,savannah
jonathon powers,103,2,Jona.POWE9883@yahoo.com,5/24/2015,lansing
carolyn black,104,12,Carol.BLACK8982@gmail.com,3/18/2013,seattle
clinton harrison,105,15,Cli.HARRISO3035@yahoo.com,1/13/2014,raleigh
valerie fields,106,6,Val.FIELD6050@hushmail.com,5/5/2013,omaha
elliana hartman,107,10,Ellia.HART9870@yahoo.com,7/30/2013,clarksville
vera walker,108,8,Ver.WALKER8247@mail2web.com,10/30/2013,columbia
ronan morse,109,3,Ron.MORSE1828@hushmail.com,11/24/2015,seattle
analia estes,110,15,Anali.ES8470@mail2web.com,8/29/2013,laredo
maya mcclain,111,3,Ma.MCC5371@gmail.com,4/10/2015,lakewood
aubri bates,112,16,Aubr.BATES3922@hushmail.com,12/15/2014,omaha
delilah richards,113,7,Delila.RICHARD4663@mail2web.com,2/25/2013,new york
itzel mccullough,114,12,Itze.MCCULLO1870@gmail.com,12/30/2014,durham
felix gardner,115,1,Feli.GAR8400@yahoo.com,6/24/2014,stamford
dwayne aguilar,116,10,Dwa.AGUIL9777@yahoo.com,4/3/2015,laredo
braylen harding,117,14,Bray.HAR3504@live.com,12/14/2013,alexandria
donovan alvarado,118,17,Donova.ALVA6035@live.com,1/6/2015,topeka
jakob rivas,119,2,Jako.RIVA5548@yahoo.com,9/2/2015,st. paul
damion holcomb,120,18,Dami.HOLC5209@gmail.com,10/7/2014,plano
rosemary vance,121,3,Rosem.VA6113@yahoo.com,11/13/2013,nashville
robert klein,122,10,Rob.KL2391@gmail.com,3/18/2015,durham
gia norris,123,17,Gi.NORRIS8867@hushmail.com,4/21/2014,modesto
raven fry,124,10,Raven.FRY3192@hushmail.com,5/14/2014,dallas
jacoby holt,125,4,Jacoby.HOL8711@hushmail.com,8/4/2014,lexington
jocelyn castillo,126,12,Jocely.CASTILLO5273@live.com,6/23/2015,greensboro
susan roberson,127,13,Susa.ROBERSON1861@hushmail.com,1/1/2013,bridgeport
logan cruz,128,20,Logan.CR9239@mail2web.com,11/5/2015,mobile
marvin cohen,129,2,Marv.COHE7848@live.com,12/12/2015,charleston
taliyah blair,130,8,Taliy.BLAI9777@gmail.com,6/18/2014,dayton
rebekah lyons,131,3,Rebe.LY3524@gmail.com,9/23/2013,columbia
bentley berger,132,19,Ben.BER6625@live.com,1/22/2015,syracuse
wesley burks,133,8,Wesl.BURK1105@mail2web.com,7/5/2015,pittsburgh
harmony vang,134,4,Harmo.VAN3360@hushmail.com,8/4/2015,gilbert
jadyn kidd,135,5,Jad.KID2416@gmail.com,5/2/2015,montpelier
deangelo dudley,136,16,Dean.DUDLEY6459@hushmail.com,10/3/2015,hollywood
augustus acosta,137,16,Augustus.ACOSTA5176@mail2web.com,9/22/2015,lakewood
preston porter,138,13,Pre.POR9788@hushmail.com,8/4/2013,baltimore
sophie larson,139,10,Sophi.LARSO1732@mail2web.com,6/13/2015,tacoma
raymond ochoa,140,19,Raym.OCHO5107@yahoo.com,7/18/2014,las vegas
bryce albert,141,8,Bryc.ALB7912@hushmail.com,6/6/2015,milwaukee
giovanni doyle,142,1,Giovan.DOYLE1637@mail2web.com,10/5/2015,oakland
esperanza bond,143,7,Espera.BOND3024@hushmail.com,4/10/2015,stockton
hailey wyatt,144,9,Hai.WYA5824@live.com,12/7/2013,oklahoma city
david gillespie,145,2,Da.GILLES4352@mail2web.com,9/20/2013,oakland
annabel clayton,146,18,Annabe.CLAY7988@hushmail.com,11/19/2013,indianapolis
colton jennings,147,8,Colton.JENN1550@gmail.com,9/7/2015,irving
benton crosby,148,2,Bent.CRO9728@yahoo.com,6/25/2015,stockton
frank whitley,149,20,Fra.WHITLE4928@mail2web.com,7/17/2015,greensboro
winston short,150,2,Winston.SHOR9765@gmail.com,7/9/2014,fresno
walter daniels,151,18,Walter.DANIEL6634@mail2web.com,8/8/2013,knoxville
maria carpenter,152,5,Mari.CARPEN4576@live.com,11/9/2014,new haven
raiden conrad,153,10,Raide.CONRA8789@gmail.com,7/19/2014,yonkers
angeline shelton,154,16,Ange.SHELTO7190@live.com,3/17/2013,gilbert
marlon bender,155,5,Marlo.BEND4001@mail2web.com,2/8/2015,jersey city
kane solis,156,6,Kane.SOLIS4136@gmail.com,2/6/2014,little rock
lyric fields,157,11,Lyr.FIEL1763@gmail.com,8/20/2014,norfolk
jasper mccullough,158,16,Jas.MCCULLOU5327@yahoo.com,10/23/2014,albuquerque
eli fisher,159,8,E.FISHER1837@mail2web.com,10/10/2015,fort lauderdale
mercedes faulkner,160,11,Merced.FAULKN1523@yahoo.com,10/23/2013,gilbert
maliah hanson,161,19,Maliah.HAN1206@gmail.com,4/6/2014,tempe
jamarion valentine,162,18,Jama.VALE6788@gmail.com,6/15/2014,gilbert
ashtyn reeves,163,6,Ash.REEVE2311@yahoo.com,12/19/2014,montpelier
scarlett pugh,164,6,Scarlet.PU5521@live.com,7/13/2013,henderson
dennis mathis,165,4,Denn.MATHIS9993@gmail.com,11/29/2013,west valley city
audrianna conner,166,16,Audr.CONN9025@mail2web.com,9/29/2015,new york
jimmy mitchell,167,9,Jimmy.MITCH8515@mail2web.com,7/22/2014,elizabeth
camryn boone,168,13,Camr.BOON2503@yahoo.com,4/25/2015,naperville
kailynn mann,169,18,Kailynn.MAN4100@hushmail.com,7/28/2015,newark
lyric kline,170,1,Ly.KLI6441@yahoo.com,6/18/2015,jackson
jaydin kramer,171,15,Jaydi.KRAM6101@yahoo.com,4/15/2014,reno
lisa gay,172,8,Li.GAY1831@hushmail.com,3/28/2014,grand rapids
katherine thomas,173,14,Katherin.THO4122@live.com,5/1/2014,hollywood
kailey jacobs,174,20,Kailey.JACOBS6079@yahoo.com,7/18/2015,peoria
conrad galloway,175,9,Conra.GALLOW9959@yahoo.com,10/9/2013,riverside
payten hale,176,3,Payte.HAL6902@yahoo.com,8/7/2014,charleston
bodhi small,177,2,Bod.SMA2136@hushmail.com,9/10/2014,boston
lauren mccall,178,17,Laur.MCCALL9437@gmail.com,1/15/2014,winston-salem
jovanni rutledge,179,8,Jov.RUTLEDG8938@yahoo.com,3/25/2014,modesto
milana huber,180,15,Milan.HUB4561@mail2web.com,1/22/2014,yonkers
alissa delaney,181,12,Alissa.DEL8372@gmail.com,5/9/2013,kent
anna contreras,182,3,Anna.CONTRE8025@yahoo.com,2/3/2015,hialeah
davin fernandez,183,12,Da.FERNANDE5194@mail2web.com,8/22/2015,winston-salem
demi campbell,184,6,Demi.CAMPB1441@live.com,2/13/2013,nashville
rocco rivas,185,3,Rocco.RI6157@hushmail.com,1/7/2014,portland
jocelynn booker,186,7,Jocelyn.BOOKER5798@gmail.com,9/11/2013,augusta
larissa pittman,187,12,Laris.PITTMA2267@gmail.com,5/5/2014,sacramento
branden gates,188,17,Brand.GATE4614@gmail.com,2/1/2014,mesa
brandon joseph,189,10,Brando.JOSEP4614@yahoo.com,6/24/2014,scottsdale
tiffany waters,190,10,Tiffa.WATER7311@gmail.com,7/25/2015,garland
scarlett pace,191,6,Scarl.PACE9380@yahoo.com,11/20/2015,oakland
skye sloan,192,14,Sky.SLOAN2612@yahoo.com,8/23/2015,nashville
paola doyle,193,16,Pa.DO2014@gmail.com,4/23/2014,manchester
taliyah trujillo,194,1,Taliyah.TRUJIL5757@live.com,11/28/2015,kansas city
clay cochran,195,6,Cla.COCH5630@mail2web.com,2/10/2015,sacramento
shiloh bruce,196,9,Shil.BRUC4129@live.com,1/19/2014,joliet
drew hahn,197,13,Dre.HA6975@mail2web.com,1/5/2014,riverside
shawn dennis,198,20,Sha.DENNIS7521@yahoo.com,7/4/2013,austin
milagros lucas,199,9,Milagr.LUC1960@yahoo.com,4/28/2013,chandler
damon reese,200,7,Dam.REES5679@live.com,11/19/2015,gilbert
yaritza britt,201,19,Yaritz.BRI9960@live.com,7/5/2013,oxnard
yamilet mays,202,9,Yamil.MAYS4042@mail2web.com,8/28/2015,madison
amara guzman,203,6,Amar.GUZMAN3866@yahoo.com,10/11/2015,oxnard
cale chase,204,19,Cale.CHAS9806@gmail.com,1/13/2015,memphis
brayan donaldson,205,10,Bray.DONALDSO8245@yahoo.com,11/13/2014,clarksville
temperance pace,206,9,Tempe.PA6348@yahoo.com,1/25/2014,buffalo
mariam park,207,18,Mariam.PAR1217@mail2web.com,12/19/2014,paterson
trinity summers,208,12,Trin.SUMME2177@yahoo.com,7/11/2013,chesapeake
katelynn sanders,209,5,Katel.SANDE3368@yahoo.com,5/12/2013,honolulu
damaris crane,210,5,Damar.CRANE4281@mail2web.com,7/27/2014,irving
carlee berry,211,9,Car.BER4176@hushmail.com,7/23/2013,akron
rivka wong,212,12,Rivk.WON8092@live.com,4/28/2015,montpelier
gavyn clay,213,20,Ga.CLAY3122@yahoo.com,2/4/2014,anaheim
patience noel,214,13,Pati.NO6528@live.com,5/28/2015,detroit
jaydon cantrell,215,10,Jayd.CANTRELL1950@gmail.com,12/17/2015,irving
analia parker,216,2,Ana.PARK8727@hushmail.com,11/3/2013,san francisco
alondra avila,217,9,Alond.AVIL9096@hushmail.com,11/5/2013,evansville
brodie coffey,218,7,Bro.COFF1265@hushmail.com,7/7/2013,lincoln
raphael sexton,219,2,Raph.SEXTO9457@live.com,10/1/2015,mesa
elliott bowers,220,13,Elliott.BOWER1954@hushmail.com,6/7/2013,dayton
david clay,221,6,Da.CLAY8677@live.com,5/1/2013,chicago
autumn poole,222,19,Autumn.PO2367@yahoo.com,3/29/2015,charlotte
alina howe,223,3,Al.HO9329@yahoo.com,9/5/2013,norman
ronald yates,224,1,Ronald.YAT9186@mail2web.com,10/19/2015,peoria
jaidyn hansen,225,15,Jaid.HANSEN5208@yahoo.com,1/20/2013,bellevue
jasmine aguilar,226,2,Jasmi.AGUIL1856@hushmail.com,11/4/2014,kansas city
jake baldwin,227,11,Ja.BAL6985@hushmail.com,11/3/2014,irvine
scott rocha,228,6,Sco.ROCH3804@hushmail.com,5/27/2013,joliet
houston arnold,229,2,Hous.ARNOLD5882@gmail.com,10/1/2014,phoenix
bryce potter,230,2,Bry.POT7296@mail2web.com,5/27/2013,santa ana
nathalie hopkins,231,14,Nathal.HOPKI7346@gmail.com,10/11/2014,garland
kira kelley,232,5,Kira.KELLE3129@yahoo.com,4/20/2015,memphis
kristian hogan,233,17,Krist.HOGAN8831@live.com,1/26/2014,honolulu
adelynn cummings,234,20,Adel.CUMMI5045@gmail.com,12/7/2015,thornton
maddison townsend,235,13,Madd.TOWNSE8805@gmail.com,6/9/2015,indianapolis
carly terry,236,19,Carl.TERRY6955@hushmail.com,3/24/2013,plano
angelina garcia,237,11,Angeli.GARCI3275@live.com,3/4/2015,honolulu
zariyah mcpherson,238,19,Zar.MCPHERSO4341@gmail.com,8/6/2013,des moines
neil mathews,239,12,Neil.MAT4034@hushmail.com,12/22/2015,salem
jade cobb,240,12,Jade.CO4227@gmail.com,1/30/2014,chesapeake
mustafa cain,241,4,Musta.CAI2671@yahoo.com,2/9/2013,overland park
luz harrison,242,10,Luz.HARRI1349@live.com,5/16/2014,aurora
callan simpson,243,8,Cal.SIMPSON2451@yahoo.com,11/21/2014,philadelphia
karlee yang,244,17,Karlee.YA9712@hushmail.com,8/31/2015,baltimore
paula zimmerman,245,8,Pau.ZIMM1908@mail2web.com,4/30/2015,philadelphia
kyndall frye,246,4,Kynd.FRYE1968@gmail.com,4/14/2014,chula vista
makenzie klein,247,5,Makenzie.KLEIN9986@mail2web.com,8/15/2013,allentown
irvin howell,248,5,Irv.HOWELL5722@hushmail.com,3/28/2013,murfreesboro
raul reilly,249,4,Ra.REILL2501@live.com,6/7/2014,bellevue
galilea romero,250,12,Gali.ROM6288@mail2web.com,6/15/2013,des moines
amanda franco,251,8,Aman.FRANCO2773@mail2web.com,11/7/2014,clarksville
draven castaneda,252,5,Drav.CASTANED8085@hushmail.com,7/8/2015,los angeles
omari barry,253,13,Oma.BARRY9012@mail2web.com,12/6/2013,overland park
kyson greene,254,11,Ky.GREENE7592@live.com,5/7/2013,boston
ty pierce,255,13,T.PIERC7992@mail2web.com,10/8/2014,kent
ashtyn ford,256,17,Ashty.FO8692@yahoo.com,5/30/2015,syracuse
amari simpson,257,15,Amari.SIMPS1607@live.com,3/11/2015,seattle
rihanna camacho,258,17,Rihanna.CAMACH4002@hushmail.com,2/18/2015,eugene
kareem alvarez,259,4,Kar.ALVAREZ8193@live.com,5/15/2015,baton rouge
bodhi chavez,260,4,Bod.CHAVEZ4146@hushmail.com,4/16/2013,boise city
cooper hardin,261,19,Cooper.HAR1924@gmail.com,7/1/2013,yonkers
dax mitchell,262,10,Da.MITCHE2964@hushmail.com,7/29/2014,irvine
khloe mcgee,263,9,Kh.MCG1410@live.com,5/4/2014,north las vegas
derrick frank,264,7,Derric.FRA6793@mail2web.com,11/12/2014,augusta
jamir marshall,265,6,Jam.MARSHA1642@live.com,7/21/2014,fayetteville
darwin glass,266,12,Darwin.GLA8988@gmail.com,3/7/2014,st. louis
kelvin best,267,2,Kel.BES7179@yahoo.com,12/21/2014,chattanooga
blaine butler,268,4,Blai.BUTL4718@live.com,2/25/2015,lakewood
stacy kane,269,12,Stacy.KANE3311@mail2web.com,7/8/2015,stamford
perla booth,270,4,Per.BOO9791@live.com,6/21/2015,el paso
audriana bryan,271,9,Audria.BRYAN9634@gmail.com,4/13/2013,san jose
bree fry,272,8,Bre.FRY5932@live.com,9/23/2014,evansville
bowen lyons,273,14,Bow.LYON8444@live.com,1/22/2013,lansing
rosa melton,274,14,Ros.MELT2376@live.com,9/24/2014,aurora
kamila franklin,275,20,Kamila.FRANKL4392@yahoo.com,3/15/2013,albuquerque
sloane mosley,276,3,Slo.MOS3026@mail2web.com,9/11/2013,tallahassee
destinee burch,277,14,Desti.BU2165@yahoo.com,5/9/2015,arlington
malia palmer,278,15,Ma.PALME8010@hushmail.com,3/21/2014,las vegas
lilith key,279,17,Lilith.KEY7613@yahoo.com,7/19/2013,madison
kaia hudson,280,1,Kaia.HUD8738@gmail.com,6/25/2013,hialeah
jason carlson,281,5,Jaso.CARLS1283@hushmail.com,3/21/2014,lakewood
eve horn,282,3,Ev.HORN5315@hushmail.com,1/18/2014,denver
kyndall oneal,283,11,Kynda.ON2094@live.com,3/12/2015,st. louis
alisson orr,284,13,Ali.ORR9091@gmail.com,7/24/2014,manchester
catalina blake,285,4,Catalina.BLAKE7806@hushmail.com,5/24/2013,new haven
bethany gomez,286,6,Bethany.GO8094@gmail.com,5/16/2014,virginia beach
peyton roman,287,14,Peyton.ROM4875@live.com,10/30/2014,henderson
jaelynn winters,288,17,Jaelyn.WINTE8978@yahoo.com,11/19/2013,fremont
audrianna sharp,289,18,Audriann.SHAR5715@mail2web.com,12/15/2014,chandler
ariel ryan,290,4,Ar.RY4578@hushmail.com,12/31/2013,chandler
willow ramirez,291,4,Willow.RAMIRE7992@gmail.com,10/15/2013,newark
zachery pierce,292,15,Zachery.PIE3901@live.com,7/22/2013,san diego
rihanna calhoun,293,5,Riha.CALHOU4056@mail2web.com,12/31/2014,los angeles
elisabeth cook,294,3,Elisabe.COO9060@yahoo.com,11/18/2015,santa ana
ross mullins,295,16,Ros.MUL9284@mail2web.com,11/29/2013,san diego
drake reeves,296,2,Drak.REE7779@yahoo.com,6/13/2013,evansville
bristol raymond,297,7,Bri.RAYMON6880@yahoo.com,1/17/2013,arlington
landen blevins,298,19,Lande.BLEVIN1998@live.com,4/30/2015,phoenix
riley zimmerman,299,18,Rile.ZIMMER8503@mail2web.com,3/2/2014,tallahassee
trent boyd,300,11,Trent.BOY3734@gmail.com,5/3/2015,surprise
marissa cline,301,14,Marissa.CLI6995@gmail.com,10/17/2015,springfield
cade duffy,302,10,Ca.DU9316@hushmail.com,12/17/2014,irving
itzel williamson,303,20,It.WILLIAMS5107@hushmail.com,6/21/2014,hartford
hank ruiz,304,11,Han.RU4593@hushmail.com,4/20/2015,winston-salem
kolten wiggins,305,14,Kolt.WIGGINS4042@hushmail.com,3/12/2014,bakersfield
noel bond,306,18,Noel.BOND2541@yahoo.com,11/5/2014,bridgeport
sage raymond,307,8,Sa.RAYM2019@live.com,12/26/2014,minneapolis
ruben wells,308,10,Ruben.WE8988@mail2web.com,11/3/2015,grand rapids
ellen houston,309,8,Elle.HOUS1432@live.com,8/12/2015,spokane
yoselin bryan,310,9,Yos.BRYA8771@yahoo.com,10/28/2015,independence
howard whitney,311,20,Howard.WHITNEY3661@gmail.com,1/1/2014,detroit
maxton crosby,312,18,Max.CROSBY2036@live.com,12/10/2014,arlington
eliseo ratliff,313,9,Eliseo.RATLI2375@hushmail.com,4/4/2013,salem
jeramiah hutchinson,314,12,Jeram.HUTCHINS2451@live.com,3/15/2015,dallas
darwin haney,315,6,Darwin.HANEY4050@gmail.com,8/15/2015,miami
andy foley,316,10,Andy.FO9159@hushmail.com,2/2/2015,little rock
marlene wilson,317,17,Marlene.WILS5702@mail2web.com,7/1/2015,montpelier
memphis finley,318,7,Memphis.FIN9695@gmail.com,11/13/2013,dallas
harley fox,319,14,Harl.FO8960@hushmail.com,12/11/2015,winston-salem
eden swanson,320,19,Eden.SWA1813@hushmail.com,6/30/2013,naperville
david schultz,321,17,Dav.SCHU7801@mail2web.com,9/16/2014,boston
abrielle fernandez,322,11,Abrielle.FERNANDEZ2566@mail2web.com,10/10/2013,laredo
gary andrews,323,16,Gary.ANDRE3839@mail2web.com,9/18/2014,riverside
garrett franks,324,12,Garret.FRAN2101@live.com,6/5/2013,columbus
khalil hart,325,8,Khalil.HART1452@gmail.com,1/12/2015,lakewood
iliana travis,326,6,Ilian.TRAVIS2474@mail2web.com,12/26/2014,omaha
salma bird,327,14,Salm.BI8112@live.com,3/2/2013,anaheim
maryam morgan,328,18,Mar.MORGA8367@gmail.com,7/22/2014,bakersfield
kayden griffin,329,17,Kayde.GRIFFI7494@gmail.com,4/21/2013,baltimore
izabelle greer,330,1,Izabell.GRE2245@live.com,11/4/2014,chandler
bryleigh britt,331,11,Bryl.BRITT2064@mail2web.com,6/12/2015,hollywood
shawn barry,332,9,Sh.BARR3500@gmail.com,8/18/2015,mesa
xavi solis,333,20,Xav.SOL7367@mail2web.com,4/21/2014,akron
kirsten lamb,334,13,Kirsten.LAMB5163@yahoo.com,10/20/2013,atlanta
fatima nelson,335,2,Fat.NELS2833@live.com,6/30/2013,chandler
salma daniels,336,17,Sal.DANIE9575@hushmail.com,8/3/2014,ann arbor
rebecca giles,337,4,Rebecc.GILE5475@yahoo.com,5/28/2013,thornton
kiley farmer,338,5,Kil.FARM9324@yahoo.com,12/23/2013,mobile
damian stuart,339,4,Damia.STU7078@gmail.com,10/29/2015,tempe
rylee curry,340,5,Ryle.CURR4373@hushmail.com,4/24/2014,los angeles
dillon brooks,341,5,Dillo.BROOKS6118@yahoo.com,4/17/2014,baltimore
hanna lynch,342,12,Ha.LY7938@hushmail.com,11/16/2014,milwaukee
corinne knight,343,19,Corinne.KNIGHT5479@hushmail.com,10/17/2015,sterling heights
ethan savage,344,13,Et.SAVAGE6694@gmail.com,5/29/2013,allentown
roman david,345,16,Roman.DAV7010@hushmail.com,1/9/2013,glendale
elisha henderson,346,8,Elisha.HENDERSON8606@live.com,3/7/2015,winston-salem
alijah blanchard,347,5,Alijah.BLAN2259@yahoo.com,4/23/2015,augusta
maggie conrad,348,17,Mag.CON7241@gmail.com,3/13/2013,hialeah
vivienne perry,349,1,Vivienn.PER4824@yahoo.com,5/28/2013,bakersfield
jesse hunt,350,9,Je.HUNT2170@hushmail.com,3/28/2013,chula vista
theodore cruz,351,8,Theod.CRUZ3582@hushmail.com,4/15/2013,orlando
angelina hodge,352,9,Ange.HOD9488@live.com,3/22/2014,springfield
itzel juarez,353,12,Itzel.JUAREZ1049@mail2web.com,6/18/2015,sacramento
kamryn scott,354,3,Kamr.SCO3562@hushmail.com,7/16/2014,chesapeake
kaeden mccoy,355,15,Kaeden.MC2929@yahoo.com,9/5/2013,moreno valley
anne kirby,356,9,Ann.KIRBY2960@yahoo.com,8/16/2014,fort wayne
megan burris,357,3,Me.BURRI5858@mail2web.com,4/11/2014,glendale
kael barron,358,8,Kae.BARRO7363@hushmail.com,2/17/2014,newark
kaia berry,359,3,Kai.BE5301@hushmail.com,1/8/2013,arlington
chase figueroa,360,19,Chase.FIGUER1243@live.com,2/3/2014,springfield
ricky farley,361,5,Ric.FAR7652@yahoo.com,6/26/2014,elizabeth
nyla cannon,362,12,Nyla.CAN4179@yahoo.com,11/6/2014,chesapeake
christine stout,363,11,Christin.STO2970@yahoo.com,2/3/2013,fresno
tyler delgado,364,7,Ty.DELGAD9629@gmail.com,11/1/2015,savannah
allan armstrong,365,19,Al.ARMSTRO5220@live.com,8/24/2014,providence
kiley thompson,366,7,Kil.THOMPSO9898@live.com,3/21/2013,honolulu
amina thompson,367,6,Amina.THOMPSON1337@yahoo.com,8/4/2013,san jose
nia oliver,368,14,Ni.OLIV5257@gmail.com,9/29/2013,oklahoma city
remington solis,369,11,Remington.SO1005@gmail.com,3/16/2014,st. petersburg
ernesto buchanan,370,13,Ernes.BUCHA3569@mail2web.com,11/15/2015,provo
journey sweeney,371,4,Journ.SWE9766@yahoo.com,5/1/2014,bakersfield
kate harmon,372,10,Kate.HAR4463@gmail.com,1/1/2013,joliet
naomi moody,373,10,Naomi.MOOD2998@gmail.com,12/24/2014,san jose
jaylyn petersen,374,7,Jaylyn.PETE6357@live.com,6/17/2013,arlington
clare gomez,375,19,Cl.GO5941@gmail.com,8/16/2015,irvine
trevor hayden,376,11,Trevor.HAYDE1844@gmail.com,11/26/2013,montgomery
brielle burns,377,17,Brielle.BURN4885@mail2web.com,5/21/2013,san antonio
isabella butler,378,14,Isabella.BUTL6437@gmail.com,11/29/2013,worcester
harper barber,379,17,Har.BAR7660@mail2web.com,3/4/2014,san diego
korbin nelson,380,12,Korb.NELS3037@yahoo.com,6/30/2014,anaheim
albert foley,381,14,Alb.FOLE7526@yahoo.com,12/15/2015,corpus christi
alonso tillman,382,12,Alons.TILLMAN9667@yahoo.com,10/7/2015,lincoln
mira jimenez,383,13,Mira.JIMENEZ8427@gmail.com,1/21/2015,aurora
tegan vinson,384,5,Te.VINSON5768@gmail.com,9/11/2014,tampa
gary lynch,385,5,Ga.LYNCH7741@hushmail.com,6/3/2015,modesto
roy ingram,386,4,Ro.INGRAM6962@hushmail.com,1/15/2014,los angeles
aiden logan,387,2,Aiden.LOGA1767@mail2web.com,11/8/2014,denver
remington patton,388,17,Remington.PATT8187@hushmail.com,4/10/2014,cleveland
fernanda head,389,1,Fern.HE3492@yahoo.com,3/9/2013,durham
mustafa price,390,15,Mus.PR5711@hushmail.com,10/16/2015,warren
jalen chandler,391,12,Jalen.CHANDL5729@hushmail.com,3/20/2013,warren
justice emerson,392,19,Just.EME8556@live.com,8/6/2014,st. petersburg
collin weaver,393,9,Col.WEAVER6871@gmail.com,8/28/2014,madison
paulina lee,394,18,Paul.LEE3266@gmail.com,5/30/2015,austin
marcelo tillman,395,14,Marce.TILLMA2490@gmail.com,2/20/2015,akron
scott burns,396,15,Scott.BURN3952@yahoo.com,12/19/2015,seattle
trevon dale,397,10,Trevon.DA7033@yahoo.com,12/2/2014,st. paul
natalee lott,398,15,Natal.LOTT8180@yahoo.com,3/27/2014,charleston
gibson white,399,7,Gib.WHITE8711@yahoo.com,4/29/2014,chula vista
ernest luna,400,6,Ern.LUN4626@yahoo.com,7/12/2013,sioux falls
james lambert,401,8,Ja.LAMBE6832@live.com,1/11/2014,naperville
kolton gilbert,402,16,Kolt.GILBER5343@hushmail.com,1/5/2014,hampton
kimora norman,403,3,Kim.NOR4371@live.com,9/16/2014,moreno valley
mark dominguez,404,4,Mark.DOMIN1288@gmail.com,6/11/2014,wichita
jordyn molina,405,4,Jord.MOL9122@hushmail.com,1/9/2015,syracuse
allison nguyen,406,17,Allison.NGUYEN6453@yahoo.com,3/3/2013,dayton
thomas holder,407,1,Tho.HOL5897@gmail.com,8/10/2015,norman
aliana porter,408,3,Alia.PORTE5132@hushmail.com,5/24/2014,durham
zaire vasquez,409,9,Zaire.VASQU4208@live.com,3/5/2015,columbus
branson lindsay,410,4,Brans.LINDSA1338@live.com,9/16/2015,joliet
sage glover,411,18,Sa.GLOV5582@yahoo.com,12/13/2014,fayetteville
corban cunningham,412,20,Corb.CUNNING1020@yahoo.com,8/30/2013,houston
yasmin melendez,413,19,Yasmin.MELE2938@live.com,12/6/2015,newark
bo durham,414,19,B.DURHAM6021@live.com,10/11/2014,detroit
abbie diaz,415,18,Ab.DIAZ6028@live.com,10/11/2013,shreveport
ayla riddle,416,14,Ayla.RIDDLE3587@hushmail.com,9/22/2015,chandler
derick walker,417,9,Der.WAL1847@yahoo.com,4/21/2013,spokane
jorge jefferson,418,4,Jorge.JEFFERSON9959@yahoo.com,5/28/2015,madison
blake parks,419,4,Bl.PARK4611@yahoo.com,12/21/2014,independence
jazmyn alvarez,420,6,Jaz.ALVA4025@yahoo.com,3/19/2013,dallas
leighton petersen,421,9,Leighton.PETE3091@mail2web.com,4/3/2014,lubbock
diego compton,422,12,Di.COMPT2882@mail2web.com,2/28/2014,columbus
silas mercer,423,18,Sil.MERCER4579@gmail.com,6/11/2015,san antonio
macey perkins,424,7,Ma.PERKI3007@mail2web.com,2/20/2014,las vegas
darrell kaufman,425,6,Darre.KAUF1404@live.com,3/28/2013,indianapolis
waylon rice,426,17,Waylon.RI2860@yahoo.com,9/5/2014,knoxville
lilith barlow,427,15,Lil.BARLOW4874@yahoo.com,12/20/2014,cincinnati
eleanor hess,428,14,Eleano.HE1195@yahoo.com,9/30/2013,garland
madalyn gallegos,429,13,Madaly.GALLE8947@hushmail.com,9/11/2013,atlanta
christopher nolan,430,5,Christophe.NOL3233@mail2web.com,2/22/2013,dallas
alessandra park,431,8,Aless.PARK1915@yahoo.com,5/4/2013,ann arbor
savanna rollins,432,14,Savan.ROLLIN9938@gmail.com,1/16/2015,kansas city
theodore downs,433,4,Theodore.DOWN6612@mail2web.com,1/30/2014,syracuse
rory callahan,434,4,Ro.CALLAHAN9452@live.com,3/12/2014,coral springs
shiloh cummings,435,2,Shi.CUMMI2411@live.com,9/12/2014,miami
jaxton deleon,436,8,Jaxto.DELEON9718@gmail.com,3/12/2015,overland park
harmony weiss,437,19,Harmon.WEISS6410@hushmail.com,10/23/2013,scottsdale
valentin wall,438,5,Valentin.WAL8254@hushmail.com,12/19/2014,evansville
charles bradford,439,13,Charl.BRADFOR9486@hushmail.com,12/24/2013,chattanooga
shane mccoy,440,17,Sh.MC7480@hushmail.com,5/21/2014,aurora
kenny blair,441,5,Ke.BL2736@yahoo.com,10/23/2014,joliet
mina nelson,442,8,Mina.NEL8362@hushmail.com,1/21/2013,winston-salem
spencer saunders,443,6,Spe.SAUNDERS6912@hushmail.com,5/22/2013,montgomery
jayla cross,444,15,Jay.CRO6481@hushmail.com,8/15/2014,augusta
kenzie blair,445,11,Ken.BLAIR2459@live.com,3/26/2013,fort worth
skyler stanton,446,5,Skyle.STAN2811@yahoo.com,2/5/2013,charleston
leslie adkins,447,8,Leslie.ADKI8123@yahoo.com,8/27/2014,detroit
julius jones,448,7,Jul.JONE5987@gmail.com,4/28/2014,scottsdale
vincent mclean,449,13,Vince.MCLEAN8008@live.com,2/22/2015,eugene
kade cook,450,5,Kad.COOK7337@gmail.com,8/20/2013,anaheim
coleman lane,451,17,Coleman.LAN5842@mail2web.com,10/30/2014,oklahoma city
mia porter,452,12,Mia.POR2570@live.com,11/5/2013,phoenix
daisy odom,453,18,Dais.OD2822@live.com,5/10/2014,sterling heights
brandon lindsey,454,4,Brando.LIN6369@live.com,6/25/2013,st. louis
kasey gentry,455,8,Kase.GENTR2545@gmail.com,9/28/2013,clarksville
terrance wilkins,456,17,Terranc.WILK8895@live.com,1/26/2014,bridgeport
amara hernandez,457,2,Amar.HERN1601@gmail.com,3/18/2015,fremont
valentina webster,458,8,Valentin.WEBSTER9988@mail2web.com,8/16/2015,glendale
killian blanchard,459,1,Killian.BLANCHAR5641@yahoo.com,11/24/2013,syracuse
martin witt,460,14,Marti.WIT2119@gmail.com,7/23/2013,lakewood
summer mcbride,461,7,Summe.MCB4625@hushmail.com,3/27/2014,yonkers
brandon parker,462,19,Brando.PARKE4102@gmail.com,2/26/2013,new york
troy johnson,463,10,Troy.JOH6938@yahoo.com,3/28/2013,coral springs
carleigh mccoy,464,13,Carlei.MCCO1304@live.com,4/22/2014,little rock
emerson cote,465,7,Eme.COTE4950@gmail.com,2/7/2013,cleveland
evangeline collier,466,7,Evange.COLLIER1033@gmail.com,8/21/2015,detroit
francisco ware,467,8,Franci.WAR1984@hushmail.com,6/28/2015,little rock
cade powers,468,19,Cade.POWER3902@yahoo.com,11/7/2013,chattanooga
myla weber,469,10,Myl.WEB1555@live.com,5/9/2014,allentown
caiden beach,470,19,Caid.BE6987@hushmail.com,5/29/2013,raleigh
saul carver,471,19,Sau.CAR4855@gmail.com,1/3/2013,san francisco
maya sims,472,4,May.SI6467@hushmail.com,5/27/2015,rochester
francesca jenkins,473,8,Frances.JENKIN6751@mail2web.com,2/18/2014,charlotte
kaiden goff,474,18,Kai.GOF5059@yahoo.com,10/10/2014,hialeah
layne carpenter,475,13,Layne.CARPE4448@yahoo.com,4/8/2015,memphis
jazmyn gillespie,476,13,Jazmyn.GILLESP1081@gmail.com,2/15/2013,fayetteville
brett kirk,477,15,Brett.KI6640@gmail.com,8/26/2015,tampa
alison lopez,478,2,Alison.LOPE2535@gmail.com,3/10/2013,ann arbor
paityn frost,479,16,Pai.FROST4297@hushmail.com,5/16/2014,san diego
kendrick frost,480,17,Kendr.FRO3396@yahoo.com,5/11/2015,san bernardino
carlie elliott,481,5,Carl.ELLIOT5578@yahoo.com,8/27/2014,modesto
nathaniel kirby,482,5,Natha.KIRBY7583@hushmail.com,9/29/2014,bakersfield
chloe fulton,483,2,Ch.FULTON5858@live.com,5/23/2013,nashville
gary lindsay,484,14,Ga.LINDSAY6920@hushmail.com,6/14/2013,denver
francisco wynn,485,10,Francisc.WYNN5493@yahoo.com,11/26/2013,paterson
remy barron,486,12,Remy.BARRO3776@mail2web.com,4/30/2013,topeka
nikolas woodward,487,13,Nik.WOODWAR6759@hushmail.com,8/11/2013,st. petersburg
kenley spears,488,20,Ken.SPE1436@live.com,5/15/2015,colorado springs
gabriella russell,489,2,Gabriel.RUSSELL4885@live.com,5/8/2013,riverside
ryann santana,490,16,Ryann.SANTA3117@live.com,7/15/2013,oxnard
jakob mcdaniel,491,14,Ja.MCDANIEL8401@gmail.com,2/17/2015,fargo
aarav donaldson,492,20,Aarav.DONAL2034@hushmail.com,12/16/2013,tulsa
amara terrell,493,8,Amara.TER8562@mail2web.com,11/23/2014,santa ana
terry paul,494,2,Terry.PAUL9026@live.com,1/12/2015,buffalo
quinton hinton,495,9,Qui.HIN4515@mail2web.com,12/7/2014,oklahoma city
phillip craft,496,17,Phil.CRA6151@live.com,4/27/2013,irvine
owen dotson,497,13,Owen.DOTSON7233@live.com,11/1/2015,milwaukee
molly delacruz,498,18,Mo.DELAC5502@live.com,6/27/2013,nashville
ethan rhodes,499,11,Etha.RHOD6370@gmail.com,7/7/2015,garland
alondra sutton,500,4,Alondra.SUTTON4864@mail2web.com,11/11/2013,ann arbor
aniya nichols,501,5,Ani.NICHOLS4035@mail2web.com,10/20/2013,kansas city
christian hunter,502,12,Christ.HUNTER3738@yahoo.com,4/17/2013,thornton
joyce marshall,503,7,Joyc.MARSHA3014@mail2web.com,6/19/2013,san antonio
larry owens,504,16,Larr.OWEN9117@yahoo.com,9/10/2014,laredo
jada bailey,505,11,Jad.BAI8203@gmail.com,9/21/2015,fort lauderdale
keyon petty,506,8,Key.PETTY8811@yahoo.com,5/1/2015,montgomery
lyla morgan,507,17,Ly.MORGAN6349@live.com,2/19/2013,evansville
mckenna le,508,8,Mcke.L3329@live.com,9/28/2014,salt lake city
francesca hardy,509,16,Francesca.HARD8112@gmail.com,3/20/2014,springfield
kate lee,510,15,Kate.L3012@live.com,8/22/2014,jersey city
izabelle harmon,511,12,Izabe.HARMON2358@yahoo.com,9/15/2015,arlington
chelsea wiley,512,17,Chels.WIL5213@live.com,1/22/2015,irving
aria manning,513,16,Ari.MANN9269@mail2web.com,6/30/2015,new york
tyrese knight,514,18,Tyrese.KNIGHT7091@live.com,11/14/2014,norman
jacob weeks,515,8,Jacob.WEE4833@live.com,12/14/2013,tucson
eli donovan,516,8,Eli.DONOV4052@hushmail.com,3/15/2014,aurora
maleah short,517,12,Mal.SHORT1565@mail2web.com,1/23/2013,grand rapids
elvis barry,518,10,El.BA7174@hushmail.com,1/9/2015,yonkers
lillian klein,519,15,Lill.KLE5647@hushmail.com,12/14/2014,springfield
rayan harrington,520,3,Raya.HARRINGT1507@hushmail.com,2/3/2013,st. louis
alaya mckinney,521,20,Alay.MCKINNEY6162@hushmail.com,12/8/2014,minneapolis
victor harrison,522,18,Victor.HARRI1121@mail2web.com,6/7/2015,little rock
miguel davenport,523,19,Migu.DAVENPO2372@mail2web.com,8/26/2015,fort collins
oliver collier,524,2,Oli.COLLIE7095@live.com,11/25/2015,houston
reuben prince,525,20,Reube.PRI3347@gmail.com,9/11/2014,detroit
nash bruce,526,6,Nas.BR6322@gmail.com,10/31/2014,baton rouge
jerimiah ortega,527,16,Jerimi.ORTEGA4185@live.com,12/7/2015,el paso
cassidy bird,528,9,Cassidy.BIRD9814@gmail.com,7/1/2015,tacoma
ramiro wolfe,529,17,Ram.WOL1631@live.com,9/21/2013,sacramento
carolina meadows,530,19,Caroli.MEA1935@live.com,9/19/2013,yonkers
abdullah brewer,531,2,Abdulla.BREWER6745@yahoo.com,10/8/2014,san antonio
yosef conway,532,12,Yose.CONWAY7904@gmail.com,3/6/2015,winston-salem
estrella vega,533,3,Estrella.VEGA9934@hushmail.com,11/4/2014,jacksonville
jadiel noble,534,15,Jadiel.NOBLE5397@yahoo.com,2/6/2015,bakersfield
nash crosby,535,12,Na.CROSBY6594@yahoo.com,8/5/2015,madison
louis kemp,536,7,Lou.KEMP4774@mail2web.com,3/22/2014,lexington
maximus noble,537,16,Maxi.NOBLE7696@hushmail.com,11/4/2013,cincinnati
francesca sellers,538,3,Franc.SELL5387@live.com,9/8/2015,birmingham
cadence lowe,539,7,Cad.LO5936@mail2web.com,9/24/2013,birmingham
eleanor frank,540,12,Elea.FR4893@mail2web.com,9/17/2015,augusta
kiana holt,541,4,Ki.HO7045@hushmail.com,7/20/2013,indianapolis
jorden mcconnell,542,2,Jor.MCCONNEL7710@hushmail.com,11/5/2013,norman
lauren watkins,543,15,Laur.WATKIN9084@hushmail.com,7/24/2013,modesto
kellan gill,544,19,Kella.GI8887@mail2web.com,2/10/2014,oklahoma city
payton kane,545,2,Payt.KANE2323@yahoo.com,6/25/2014,yonkers
jasiah lamb,546,15,Jasi.LAMB5680@mail2web.com,4/2/2013,chicago
emmalee eaton,547,3,Emm.EATON1993@hushmail.com,12/7/2013,lexington
benjamin noble,548,11,Benjami.NO7354@yahoo.com,12/31/2013,fort lauderdale
kairi brennan,549,2,Kairi.BRENN8967@gmail.com,3/20/2015,scottsdale
brenda richardson,550,18,Brenda.RICHARD4676@mail2web.com,5/7/2015,evansville
tyrese mcneil,551,7,Tyr.MCN5376@live.com,11/8/2015,spokane
karter ross,552,10,Karte.ROSS6881@mail2web.com,1/22/2015,kansas city
sabrina bowers,553,16,Sabrin.BOWERS7328@hushmail.com,5/19/2014,santa ana
adelyn ross,554,17,Adely.ROS4209@gmail.com,9/2/2015,new haven
aleigha ball,555,9,Aleig.BAL1071@hushmail.com,5/16/2014,warren
leah harris,556,2,Leah.HAR3565@yahoo.com,10/30/2013,huntsville
brennen pickett,557,2,Brenn.PICKE4760@yahoo.com,12/23/2015,springfield
paige daniels,558,19,Paig.DANI4247@hushmail.com,6/3/2013,fayetteville
yosef ryan,559,9,Yose.RYAN9064@yahoo.com,10/28/2013,garland
annalise mcguire,560,14,Annalise.MCG1840@hushmail.com,11/24/2013,corpus christi
blake vance,561,8,Blak.VANCE1193@mail2web.com,3/2/2013,salem
blaze wright,562,11,Bla.WRIGHT1778@hushmail.com,4/2/2014,virginia beach
hayley may,563,10,Hay.M5233@hushmail.com,9/24/2015,raleigh
weston beasley,564,13,Westo.BEASLE8066@mail2web.com,3/18/2015,louisville
aidan maddox,565,17,Ai.MADDO5252@mail2web.com,11/14/2013,virginia beach
liv hatfield,566,3,Liv.HATFIELD1725@hushmail.com,7/3/2014,peoria
dorian galloway,567,9,Doria.GALLOWA7301@live.com,7/19/2013,gilbert
karlie graves,568,20,Karl.GRAVE2505@yahoo.com,9/20/2015,newark
kade porter,569,6,Kad.PORTE4344@mail2web.com,1/7/2013,lubbock
jordyn chen,570,13,Jordy.CHE8043@mail2web.com,11/6/2014,ann arbor
kaylee carr,571,10,Kaylee.CARR4560@mail2web.com,1/29/2015,san bernardino
russell henry,572,8,Russ.HEN1828@mail2web.com,4/1/2013,los angeles
jaydin gaines,573,6,Jay.GAIN4839@gmail.com,5/25/2013,spokane
parker winters,574,18,Par.WINTERS9715@mail2web.com,5/30/2014,cleveland
elyse harmon,575,9,El.HAR1391@live.com,1/16/2015,atlanta
aliza oliver,576,1,Aliza.OLI2125@hushmail.com,12/30/2015,st. louis
brooklynn harrison,577,16,Brooklynn.HARR8399@yahoo.com,1/31/2014,toledo
lacey conner,578,3,Lac.CONNER7727@mail2web.com,7/26/2013,garland
erin cochran,579,11,Erin.COCHRA7848@gmail.com,9/3/2014,corpus christi
kathryn head,580,9,Kat.HEA3610@yahoo.com,3/5/2013,evansville
kinsey hull,581,6,Kin.HULL2711@yahoo.com,10/5/2015,tempe
franco stevenson,582,17,Franc.STEVENSON4080@hushmail.com,11/3/2015,naperville
arjun mcdonald,583,2,Arjun.MCDO6105@live.com,3/17/2015,toledo
keon love,584,16,Ke.LO1458@gmail.com,9/24/2014,norfolk
braelyn hardy,585,11,Braelyn.HARD4734@gmail.com,8/25/2013,huntsville
jabari bean,586,8,Jaba.BEA1890@live.com,12/15/2015,providence
gilberto haley,587,4,Gilber.HAL5299@hushmail.com,6/12/2014,worcester
lexi meadows,588,6,Le.MEA1571@yahoo.com,7/29/2013,independence
dallas baldwin,589,4,Dall.BALDW6746@mail2web.com,2/14/2013,oakland
brinley stevenson,590,12,Brinle.STEVENSO6480@hushmail.com,6/19/2014,washington
braydon welch,591,17,Braydon.WE1519@live.com,4/25/2015,raleigh
jaylynn dickerson,592,3,Jayl.DICKE6772@mail2web.com,11/3/2013,jackson
macie thomas,593,11,Ma.THOMAS1252@yahoo.com,7/9/2015,modesto
estrella acevedo,594,19,Estrel.ACEV6138@yahoo.com,7/5/2015,huntsville
lana gordon,595,12,La.GORDON3022@yahoo.com,3/12/2013,toledo
caitlyn rosa,596,20,Caitl.ROS9350@mail2web.com,1/27/2014,tallahassee
jamarion mcfadden,597,3,Jamari.MCFADDE2738@hushmail.com,3/26/2014,manchester
misael banks,598,1,Misael.BAN8803@hushmail.com,2/19/2013,newark
malachi holloway,599,1,Mal.HOLLOWAY9967@gmail.com,1/29/2015,oakland
amos snow,600,15,Amo.SN7607@mail2web.com,6/24/2013,syracuse
aron mckee,601,13,Ar.MCKEE8580@mail2web.com,11/10/2014,detroit
ayana dixon,602,16,Aya.DIXO9488@mail2web.com,3/25/2014,naperville
josephine steele,603,18,Josephi.STEELE6044@yahoo.com,4/13/2013,scottsdale
brielle mckay,604,13,Briell.MCKA7927@yahoo.com,7/20/2013,corpus christi
reuben walls,605,6,Reuben.WAL2523@yahoo.com,4/3/2014,spokane
heidi landry,606,5,Hei.LAND2870@hushmail.com,6/14/2014,atlanta
tiffany justice,607,15,Tiff.JUST4103@hushmail.com,12/10/2015,indianapolis
daisy wooten,608,5,Dais.WOOT7874@hushmail.com,2/7/2014,el paso
laylah goodman,609,19,Laylah.GOODMAN6427@hushmail.com,6/9/2014,rochester
margaret park,610,20,Margar.PARK9287@gmail.com,1/10/2015,chandler
ali norton,611,8,Ali.NORTON7334@gmail.com,4/13/2013,spokane
harrison levine,612,11,Harris.LEVINE6842@yahoo.com,10/18/2013,mobile
jolie shields,613,13,Jolie.SHIEL5722@gmail.com,4/1/2013,lubbock
imani hampton,614,11,Im.HAMP8317@mail2web.com,4/24/2013,toledo
kira blair,615,15,Kira.BL4512@yahoo.com,1/15/2013,joliet
carlee landry,616,16,Carlee.LAN3432@gmail.com,2/20/2013,richmond
john terry,617,1,Jo.TERRY7333@gmail.com,2/17/2013,cleveland
jaron collins,618,13,Jar.COLLIN2112@yahoo.com,8/27/2015,fort collins
everett pruitt,619,14,Eve.PRUI9616@gmail.com,4/16/2013,worcester
joshua cunningham,620,16,Joshua.CUNNIN6988@yahoo.com,7/25/2015,sioux falls
alivia everett,621,12,Alivi.EVER5308@hushmail.com,4/19/2015,baton rouge
dominik perez,622,6,Dominik.PEREZ8931@yahoo.com,3/2/2015,fort wayne
otto landry,623,3,Ott.LAND7907@gmail.com,3/14/2013,hialeah
river burch,624,10,Ri.BURCH2791@yahoo.com,5/8/2015,murfreesboro
damion nichols,625,18,Damio.NICHOLS1485@mail2web.com,2/3/2013,chicago
felicity brooks,626,4,Felicity.BRO2120@gmail.com,2/8/2014,toledo
ivy hutchinson,627,8,Ivy.HUTCHINSO2963@mail2web.com,9/8/2015,chandler
eileen winters,628,6,Eileen.WINT8087@live.com,9/9/2015,colorado springs
ralph dejesus,629,6,Ral.DEJES3575@live.com,1/3/2014,alexandria
jaydin noel,630,18,Jayd.NOEL4874@gmail.com,4/3/2013,charleston
allie mcknight,631,16,Alli.MCKN5740@live.com,1/28/2015,naperville
daniela heath,632,11,Daniela.HE3512@mail2web.com,3/8/2013,cedar rapids
bowen pate,633,3,Bo.PAT1547@hushmail.com,4/16/2013,kansas city
jayde walker,634,14,Ja.WALK5188@mail2web.com,4/24/2013,rochester
alec fletcher,635,11,Alec.FLET6440@yahoo.com,2/4/2013,oklahoma city
noel randall,636,20,Noel.RANDAL8395@hushmail.com,1/31/2014,boise city
annabel ayala,637,12,Annabe.AYALA2356@gmail.com,12/11/2014,toledo
jillian pope,638,5,Jillian.PO6488@gmail.com,6/22/2013,worcester
kelly velez,639,11,Kelly.VE2595@gmail.com,7/23/2014,olathe
miracle lindsey,640,6,Miracle.LINDSE5423@live.com,5/7/2015,philadelphia
beckett pate,641,6,Becket.PAT5152@yahoo.com,3/16/2015,columbus
brenden anderson,642,11,Bre.ANDERS3611@gmail.com,12/15/2013,houston
heaven horn,643,9,Heav.HOR1950@yahoo.com,1/31/2015,boise city
juniper beasley,644,4,Juni.BEASLEY5297@hushmail.com,10/21/2013,fargo
cameron madden,645,9,Camer.MADD4900@hushmail.com,12/1/2013,cary
demetrius frank,646,8,Demetrius.FRA1832@yahoo.com,2/5/2014,baltimore
justus carver,647,15,Justu.CARVE2881@yahoo.com,1/14/2013,knoxville
sterling mendoza,648,7,Sterli.MEN4061@gmail.com,9/26/2015,aurora
victor aguilar,649,17,Victor.AGUIL1584@live.com,4/13/2015,allentown
jaylene hughes,650,19,Jaylene.HUGHES1135@mail2web.com,11/28/2013,irving
kiley blevins,651,2,Kil.BLEVI1966@hushmail.com,4/28/2015,dayton
ariel murphy,652,8,Ar.MURPH7952@yahoo.com,11/8/2014,rockford
damien matthews,653,10,Dam.MATT4406@gmail.com,1/21/2014,salt lake city
ishaan conley,654,12,Ish.CON6457@hushmail.com,12/25/2015,mobile
yadiel hurst,655,1,Yadi.HURST5239@yahoo.com,10/9/2015,gilbert
mohamed randall,656,12,Moham.RANDAL3375@hushmail.com,11/7/2014,irving
bradley sharpe,657,15,Bradl.SHARPE7828@hushmail.com,2/14/2015,scottsdale
rosalie woodard,658,19,Rosalie.WOODARD2833@mail2web.com,7/30/2013,moreno valley
beckett leon,659,12,Bec.LE4409@live.com,1/30/2014,greensboro
gloria cox,660,3,Gloria.C8035@live.com,7/16/2014,tallahassee
abbie ortega,661,6,Abbie.ORTEGA3337@hushmail.com,3/11/2015,oxnard
anderson pitts,662,7,Anderson.PI6973@gmail.com,5/28/2013,pittsburgh
bridget watkins,663,19,Bridg.WATKI1422@gmail.com,4/21/2013,tacoma
carlos abbott,664,16,Car.ABBOTT6083@live.com,12/26/2015,richmond
juliet schwartz,665,10,Juliet.SCHWA7040@yahoo.com,1/28/2013,salt lake city
tori reeves,666,8,Tori.REEV4151@gmail.com,7/22/2014,ann arbor
maximiliano lloyd,667,17,Maximili.LLO2626@yahoo.com,3/14/2013,jersey city
mekhi gould,668,20,Me.GOULD4199@gmail.com,4/11/2014,amarillo
kylie ferrell,669,19,Kyl.FERREL3904@yahoo.com,11/24/2015,overland park
ricardo lambert,670,18,Rica.LAM2064@yahoo.com,7/22/2015,los angeles
emmy odonnell,671,15,Emmy.ODON9252@gmail.com,10/21/2014,las vegas
lauryn clarke,672,2,Lauryn.CLAR3886@gmail.com,3/2/2013,fontana
jovanni decker,673,16,Jovanni.DEC7165@mail2web.com,10/4/2013,coral springs
bryn lynn,674,3,Bryn.LY4012@live.com,4/2/2013,worcester
meadow mejia,675,13,Meadow.MEJI7445@yahoo.com,11/17/2014,coral springs
jadyn kirkland,676,18,Jad.KIRKLA5315@gmail.com,2/20/2015,kent
hamza schultz,677,16,Hamza.SCH2183@gmail.com,3/1/2014,sterling heights
hallie walters,678,20,Hallie.WALTER3623@hushmail.com,11/6/2013,winston-salem
amanda ortiz,679,20,Amand.ORTI3717@gmail.com,7/23/2013,portland
kenzie ramsey,680,3,Kenzie.RAMS6060@gmail.com,7/9/2013,ann arbor
joy briggs,681,15,Joy.BRIG1533@gmail.com,11/29/2014,fargo
nathaly willis,682,11,Nathal.WILLIS9165@yahoo.com,1/22/2015,san antonio
gilberto roth,683,13,Gilber.ROT7903@mail2web.com,8/27/2015,des moines
corbin sweeney,684,16,Cor.SWEENE8657@yahoo.com,12/13/2015,el paso
urijah grant,685,15,Urij.GR4562@hushmail.com,1/31/2013,san diego
brenden atkinson,686,15,Brenden.ATKI8089@hushmail.com,2/4/2013,kansas city
cyrus peters,687,4,Cyrus.PETERS5950@live.com,8/8/2014,oxnard
shawn buck,688,15,Shawn.BUCK3026@live.com,10/3/2015,louisville
emerson soto,689,18,Emerso.SOTO6776@live.com,1/16/2013,sterling heights
leonel ramos,690,19,Leo.RA6642@live.com,11/11/2013,orlando
imani stark,691,19,Im.ST5819@gmail.com,4/20/2013,atlanta
kaleb ortega,692,10,Kal.ORT9103@hushmail.com,9/16/2015,salt lake city
myra hendricks,693,14,My.HEND9726@mail2web.com,10/2/2015,springfield
bridger reese,694,6,Bridg.REE9012@hushmail.com,8/12/2013,spokane
nadia nunez,695,6,Nad.NUNE3882@gmail.com,9/20/2013,new orleans
taliyah mullins,696,7,Taliya.MULLIN3181@hushmail.com,6/17/2014,bakersfield
malachi mcgowan,697,14,Malac.MCGOW6596@gmail.com,1/7/2015,bakersfield
mayson holmes,698,8,Mays.HOL2876@mail2web.com,12/27/2015,tampa
kendall irwin,699,15,Kendall.IRWIN6911@gmail.com,6/21/2013,hampton
yosef montoya,700,6,Yose.MON3791@hushmail.com,12/6/2014,worcester
raiden moran,701,7,Raiden.MORAN7213@gmail.com,11/25/2014,san antonio
marianna anthony,702,15,Maria.ANTHONY8589@gmail.com,7/17/2015,santa ana
shiloh mcmahon,703,13,Shil.MCMAHON3717@hushmail.com,3/17/2014,grand rapids
alexandra hull,704,14,Alexandr.HULL7944@hushmail.com,9/22/2014,philadelphia
markus robertson,705,20,Markus.ROBERTS6958@live.com,11/4/2014,mobile
craig farmer,706,14,Crai.FARM6644@mail2web.com,5/9/2014,lincoln
audrianna perry,707,8,Audrian.PER2707@live.com,6/26/2013,naperville
sloan mullins,708,14,Sloan.MULLI2042@gmail.com,3/10/2015,coral springs
jase orr,709,16,Jas.ORR7490@yahoo.com,4/25/2015,boise city
cody allison,710,8,Cody.ALLI4575@mail2web.com,10/27/2015,fargo
myla mccall,711,14,Myla.MCCALL3466@hushmail.com,11/20/2013,phoenix
matthew sharpe,712,16,Matt.SHAR4827@yahoo.com,8/5/2014,springfield
jordan carter,713,18,Jorda.CAR2887@mail2web.com,9/8/2013,evansville
emma hernandez,714,8,Emma.HERNAND2687@live.com,9/3/2015,fort worth
kael knox,715,16,Ka.KNOX4628@yahoo.com,12/31/2013,raleigh
ismael mclean,716,4,Ismae.MCLEA9805@yahoo.com,2/16/2013,chandler
ari bowers,717,9,Ari.BOWER7450@gmail.com,6/6/2015,corpus christi
gauge burgess,718,17,Gau.BURGESS8854@yahoo.com,2/12/2014,boise city
maeve wilkins,719,15,Maev.WILKI6878@hushmail.com,4/21/2013,milwaukee
anabella ewing,720,1,Anabel.EWI2406@yahoo.com,5/24/2015,el paso
ashton pittman,721,2,Ashton.PITTMA7823@yahoo.com,4/22/2015,tampa
harrison erickson,722,1,Harrison.ERICKSON1240@gmail.com,2/27/2014,chula vista
audrianna davenport,723,10,Audrian.DAVENPOR9653@mail2web.com,7/5/2014,kansas city
sidney skinner,724,5,Sidne.SKI7235@mail2web.com,10/31/2014,west valley city
selah baxter,725,3,Sela.BAX7925@yahoo.com,9/8/2014,el paso
malachi rutledge,726,6,Malach.RUTL6122@hushmail.com,6/12/2013,fort lauderdale
virginia booth,727,5,Virgini.BO6764@live.com,4/20/2014,sioux falls
adonis short,728,9,Ado.SHORT5677@mail2web.com,1/10/2015,aurora
draven booker,729,6,Dra.BOOKE7194@hushmail.com,7/13/2013,chicago
riley griffith,730,16,Riley.GRIFFITH8370@yahoo.com,8/8/2015,san bernardino
isaac reynolds,731,8,Is.REYNOLDS5807@mail2web.com,8/30/2015,huntsville
alana boone,732,3,Alan.BOONE3716@gmail.com,7/27/2013,norman
jaylee barton,733,17,Jayle.BART2180@gmail.com,6/17/2014,madison
maddox mcclure,734,14,Madd.MCCLU8575@mail2web.com,3/30/2013,joliet
avery hewitt,735,15,Ave.HEWI1970@hushmail.com,1/11/2015,olathe
collin palmer,736,7,Col.PALME3432@yahoo.com,7/19/2015,fort lauderdale
jedidiah hahn,737,20,Jedidiah.HAH7270@mail2web.com,12/18/2013,san francisco
matilda williamson,738,4,Matild.WILLIAMS4584@mail2web.com,12/2/2014,denver
cheyenne harris,739,16,Cheyen.HARR2083@live.com,7/25/2013,moreno valley
xavi glass,740,16,Xavi.GL1594@yahoo.com,4/12/2014,coral springs
romeo wyatt,741,6,Rome.WY9499@yahoo.com,7/21/2013,manchester
talon conley,742,13,Talon.CON5765@mail2web.com,2/5/2014,coral springs
shannon ortiz,743,16,Shanno.ORT5889@yahoo.com,10/10/2014,stamford
natalee odom,744,2,Natal.ODO1154@hushmail.com,9/18/2013,salt lake city
linda evans,745,1,Linda.EVANS4769@live.com,4/26/2015,jersey city
sadie morin,746,6,Sadi.MORI9661@gmail.com,10/30/2015,lansing
roderick melton,747,19,Roder.MELT3599@yahoo.com,8/28/2014,stockton
maia contreras,748,17,Ma.CONTRER3682@live.com,8/9/2013,dayton
drake good,749,2,Drake.GOOD3472@gmail.com,9/26/2015,clarksville
temperance rodriquez,750,13,Tempe.RODRI3785@live.com,7/10/2015,richmond
matilda moreno,751,6,Mati.MORE2387@mail2web.com,1/8/2013,greensboro
annabelle frye,752,4,Annabe.FRY8878@gmail.com,5/1/2015,paterson
skyler banks,753,17,Sky.BAN6787@yahoo.com,9/17/2013,akron
brylee sargent,754,16,Bry.SARGEN8892@mail2web.com,7/28/2013,columbia
cooper pate,755,4,Coop.PA2862@gmail.com,12/4/2015,grand rapids
morgan barron,756,13,Mor.BARRON5274@yahoo.com,12/28/2015,new york
danica gates,757,17,Danica.GATES5738@live.com,4/16/2015,montpelier
helena blevins,758,5,Hel.BLE2526@yahoo.com,11/17/2015,garland
haven castaneda,759,11,Ha.CASTAN8738@mail2web.com,8/24/2015,atlanta
braylon hood,760,19,Braylo.HOO6448@hushmail.com,6/20/2013,mesa
dillon velez,761,10,Dill.VE7738@gmail.com,6/27/2013,cleveland
armando ramirez,762,6,Arman.RAM4230@mail2web.com,6/15/2015,riverside
alejandra jefferson,763,5,Alejan.JEFF6578@yahoo.com,5/22/2015,newark
paityn quinn,764,12,Paityn.QU1767@gmail.com,10/20/2015,san francisco
addisyn ware,765,16,Addisyn.WA2704@gmail.com,10/5/2014,winston-salem
arnav wagner,766,7,Arn.WAGNE7872@yahoo.com,8/11/2013,omaha
braydon rogers,767,15,Brayd.ROG1567@gmail.com,8/9/2014,columbus
jolene woods,768,16,Jolene.WOOD7723@hushmail.com,3/2/2015,oakland
ariella walsh,769,18,Ariella.WA7301@mail2web.com,5/6/2015,denver
myra carver,770,4,Myra.CAR5432@live.com,2/4/2014,elizabeth
lennon cohen,771,13,Lenn.COHEN2394@live.com,8/7/2015,mobile
lena tyson,772,10,Le.TY6626@gmail.com,1/11/2014,clarksville
romeo herman,773,4,Ro.HERM4412@live.com,3/10/2014,surprise
rayne greene,774,10,Rayn.GREEN3849@hushmail.com,2/16/2014,sioux falls
lewis chang,775,9,Le.CHAN7713@gmail.com,12/9/2014,alexandria
angel santos,776,19,Angel.SANT5289@gmail.com,2/4/2015,gilbert
dominick shaw,777,3,Dominick.SH4655@mail2web.com,7/9/2014,reno
blaise houston,778,1,Blai.HOUSTO3218@live.com,1/22/2013,san jose
jordyn morton,779,19,Jord.MOR7368@hushmail.com,2/20/2015,reno
austin howe,780,5,Austi.HOW2781@mail2web.com,11/7/2013,bellevue
olive mckee,781,19,Olive.MC3465@hushmail.com,8/1/2013,philadelphia
rohan william,782,3,Rohan.WILLIA7993@gmail.com,11/10/2014,san diego
blaise christensen,783,16,Bla.CHRIST9685@yahoo.com,1/2/2015,tacoma
bryleigh carrillo,784,8,Bryl.CARRIL3571@yahoo.com,5/2/2013,oakland
jay tucker,785,11,Ja.TUCKER6506@live.com,8/1/2015,tucson
damion lindsey,786,14,Damion.LINDSEY8075@live.com,10/24/2014,richmond
allen compton,787,15,Allen.COMPTO3521@live.com,9/3/2014,norman
saniya bean,788,14,Saniy.BEA6315@gmail.com,10/27/2014,huntsville
wayne guzman,789,13,Wayne.GUZM2621@mail2web.com,1/20/2013,tulsa
orlando lloyd,790,7,Orla.LL5573@yahoo.com,12/13/2014,sacramento
yazmin donovan,791,16,Yazmin.DONOV2726@yahoo.com,2/24/2015,st. petersburg
osvaldo pennington,792,2,Osv.PENNI1951@mail2web.com,4/22/2015,st. louis
king hardy,793,6,Ki.HA7346@live.com,3/6/2015,cary
cohen travis,794,14,Cohen.TRA3045@yahoo.com,1/5/2014,rochester
mathew acevedo,795,15,Math.ACEV3214@live.com,2/26/2015,yonkers
khalil jacobs,796,5,Khali.JAC7288@gmail.com,4/15/2013,montpelier
mara griffith,797,6,Mara.GRIFFIT2520@hushmail.com,8/25/2014,austin
damari pratt,798,10,Dama.PRATT7436@mail2web.com,4/15/2013,greensboro
raquel stevens,799,9,Raq.STE1231@mail2web.com,2/12/2013,fremont
brock workman,800,2,Brock.WOR2737@gmail.com,10/28/2014,worcester
amina sharpe,801,13,Amina.SHA8709@mail2web.com,1/11/2013,dayton
cassidy jarvis,802,4,Cass.JARVIS5554@mail2web.com,11/20/2014,chandler
mia silva,803,5,M.SIL5422@mail2web.com,1/5/2013,toledo
brent alvarez,804,5,Bre.ALV8338@hushmail.com,11/30/2013,springfield
kaya butler,805,16,Ka.BUTL7487@yahoo.com,11/13/2015,murfreesboro
mia richard,806,12,Mi.RIC8527@yahoo.com,5/7/2013,newark
trevor duran,807,14,Trevor.DUR7847@live.com,12/2/2015,elizabeth
ann doyle,808,13,An.DOYL7895@live.com,7/18/2014,new haven
trinity hansen,809,19,Trinit.HAN6755@live.com,5/3/2013,amarillo
matilda higgins,810,7,Matild.HIGG6303@hushmail.com,10/5/2014,west valley city
lyric case,811,8,Lyri.CAS2018@mail2web.com,1/27/2014,montgomery
aurora melendez,812,16,Auror.MELEN2159@live.com,3/29/2013,thornton
karlie morrison,813,14,Karlie.MORR3052@mail2web.com,7/1/2015,tempe
calvin carey,814,16,Cal.CAREY7899@yahoo.com,7/23/2015,worcester
amari hancock,815,20,Amar.HANCOCK8814@gmail.com,10/26/2014,charlotte
giselle greer,816,17,Gisel.GREER9077@hushmail.com,12/12/2015,reno
abigail santos,817,18,Abiga.SAN1098@gmail.com,12/30/2014,fremont
rudy holloway,818,1,Ru.HOLL9317@mail2web.com,5/17/2015,san diego
adan preston,819,17,Ada.PREST4385@mail2web.com,7/20/2013,chula vista
felicity vasquez,820,4,Feli.VASQU9696@hushmail.com,4/20/2015,elizabeth
michaela powell,821,19,Micha.POWE8575@hushmail.com,3/1/2014,kansas city
mckenna gallagher,822,5,Mckenn.GALLA9220@hushmail.com,5/6/2015,new york
jorge reynolds,823,2,Jor.REYNOLD6626@yahoo.com,10/30/2014,salt lake city
cheyenne herrera,824,19,Cheye.HERRER3587@gmail.com,3/6/2013,jacksonville
zechariah hughes,825,15,Zecharia.HUGHES9509@yahoo.com,2/8/2013,fort collins
arthur cote,826,11,Arthu.COTE8869@live.com,3/15/2015,pittsburgh
lexie nelson,827,16,Lexie.NELSON8482@live.com,5/23/2013,irvine
aaden garrett,828,10,Aa.GARRET6100@yahoo.com,10/27/2015,long beach
casey rivers,829,15,Ca.RIVERS4063@mail2web.com,8/5/2015,columbus
ally marquez,830,14,Al.MARQ2915@hushmail.com,10/18/2014,little rock
annika rodriquez,831,10,Ann.RODR1831@yahoo.com,9/20/2015,peoria
alianna montgomery,832,3,Alia.MONTG3830@hushmail.com,6/27/2014,baltimore
hadassah curry,833,17,Hadassah.CU1731@live.com,10/29/2014,miami
jakobe collier,834,11,Jako.COLL9588@yahoo.com,4/16/2014,omaha
anne rodgers,835,10,Anne.RODGERS4675@gmail.com,4/10/2014,olathe
finley rowland,836,2,Finle.ROWLA1524@mail2web.com,3/22/2013,bellevue
mckenzie sellers,837,3,Mckenzi.SELL6261@hushmail.com,8/7/2013,warren
courtney gibson,838,12,Cour.GIB4826@gmail.com,7/26/2013,st. louis
gabriel strickland,839,13,Gab.STRICKLA9335@hushmail.com,4/17/2015,buffalo
julia warren,840,9,Jul.WARREN5973@yahoo.com,12/16/2013,fresno
judith crawford,841,9,Judi.CRAWFOR8070@yahoo.com,9/11/2013,scottsdale
clark hawkins,842,1,Clar.HAW5427@mail2web.com,7/22/2013,arlington
emilie patton,843,14,Emilie.PAT7251@yahoo.com,10/15/2013,jacksonville
arian alvarez,844,1,Ari.ALVA8004@gmail.com,7/22/2014,chattanooga
cole gutierrez,845,16,Col.GUTIE1715@yahoo.com,6/22/2013,oklahoma city
karina clayton,846,2,Kar.CLAYTO7481@gmail.com,2/9/2013,lexington
draven wynn,847,17,Drav.WYNN1478@hushmail.com,2/12/2015,norfolk
randall chang,848,18,Rand.CHA6396@hushmail.com,12/18/2015,gainesville
juliana valentine,849,7,Julian.VALENTINE6636@yahoo.com,11/9/2015,buffalo
molly rodgers,850,4,Moll.RODG2296@live.com,1/11/2015,stamford
haleigh greer,851,7,Halei.GREER4600@mail2web.com,9/7/2013,rockford
zaniyah ochoa,852,8,Zaniya.OCHOA3896@gmail.com,1/26/2013,san francisco
gauge mclean,853,5,Gaug.MCL5650@live.com,12/6/2015,indianapolis
malakai bender,854,6,Malak.BEND7518@gmail.com,3/21/2013,philadelphia
maxwell berry,855,9,Maxwell.BERRY6518@mail2web.com,2/21/2015,milwaukee
america roman,856,20,Ame.ROM3319@mail2web.com,12/26/2014,fort wayne
nola cline,857,17,Nol.CLINE6806@mail2web.com,5/25/2015,peoria
gael burks,858,7,Gael.BURK3296@live.com,2/9/2015,dayton
micah wise,859,16,Micah.WISE8226@mail2web.com,5/31/2014,baltimore
finley england,860,12,Finl.ENGLAND8591@gmail.com,6/6/2013,augusta
kendrick johnson,861,20,Kendri.JOH5607@yahoo.com,6/10/2014,san francisco
angel cortez,862,12,An.CORTE6116@yahoo.com,3/22/2015,provo
raquel mcmillan,863,1,Raq.MCMILLAN7231@hushmail.com,1/18/2014,columbia
isabela lindsey,864,2,Isabe.LINDSE9984@mail2web.com,8/29/2015,charlotte
emely haley,865,3,Emel.HA2224@live.com,4/30/2015,columbus
jaqueline mcconnell,866,6,Jaque.MCCONNEL2574@mail2web.com,5/19/2014,eugene
marie copeland,867,17,Mar.COPELA5570@yahoo.com,10/20/2014,anaheim
matthias crosby,868,7,Matt.CROS1645@live.com,3/13/2014,overland park
samuel gaines,869,1,Sam.GAIN9974@gmail.com,10/1/2013,evansville
ellis sloan,870,17,Elli.SLOAN5704@yahoo.com,8/5/2014,norfolk
britney carroll,871,10,Britney.CARROLL3302@mail2web.com,10/19/2014,birmingham
cassius vinson,872,13,Cas.VINS1679@yahoo.com,5/8/2014,ann arbor
coleman stokes,873,10,Colem.STO9284@live.com,7/24/2015,louisville
jeffery rich,874,18,Jeffery.RIC4568@live.com,4/16/2013,riverside
maleah norton,875,19,Mal.NOR6976@gmail.com,7/9/2014,oakland
evan mayo,876,14,Ev.MAY7582@gmail.com,11/4/2015,paterson
jaxson mathis,877,3,Jaxso.MATH4388@mail2web.com,4/20/2015,stockton
cristina oneill,878,14,Cristin.ONEI1062@yahoo.com,8/22/2014,fort wayne
damien bauer,879,12,Dam.BA4383@hushmail.com,3/28/2014,lexington
karly wells,880,2,Karl.WELLS6640@live.com,1/30/2015,springfield
liv christian,881,19,Liv.CHRISTIAN2428@yahoo.com,8/14/2014,aurora
rocco koch,882,12,Rocc.KOCH1778@yahoo.com,5/20/2013,fresno
janiya mcclain,883,18,Jani.MCCLA1888@live.com,1/7/2013,mesa
nathalie rojas,884,13,Natha.RO4688@hushmail.com,9/15/2015,chesapeake
dalton cash,885,10,Dalto.CASH4215@gmail.com,5/3/2015,oklahoma city
mitchell taylor,886,10,Mitc.TAY2621@gmail.com,4/19/2015,irving
wendy petty,887,20,Wen.PETTY3513@hushmail.com,12/10/2014,syracuse
kamryn gregory,888,16,Kamryn.GREGORY6109@yahoo.com,8/18/2015,norman
arlo farrell,889,5,Arl.FARRE9733@live.com,1/11/2013,dayton
jayda callahan,890,5,Ja.CALLAHAN1552@hushmail.com,8/1/2014,buffalo
kole justice,891,12,Kol.JUS1684@gmail.com,4/30/2014,bakersfield
claudia irwin,892,1,Claud.IRW1211@live.com,2/12/2014,syracuse
stella cook,893,7,Stel.COO1572@live.com,10/11/2014,providence
clara pickett,894,11,Cla.PICK6888@yahoo.com,11/29/2013,springfield
quinn austin,895,12,Quinn.AUST6349@mail2web.com,12/13/2013,warren
lillie olson,896,12,Lilli.OLS9756@hushmail.com,10/21/2014,long beach
leonard marsh,897,9,Leon.MAR5126@yahoo.com,5/25/2014,mesa
kaydence sears,898,13,Kaydenc.SEARS6986@hushmail.com,11/14/2014,cary
jaydin trujillo,899,12,Jayd.TRUJ4496@gmail.com,12/21/2015,jersey city
elin barrera,900,10,Eli.BARR4712@live.com,7/21/2015,surprise
nylah ashley,901,4,Nylah.ASHL9038@yahoo.com,8/18/2014,spokane
makayla walker,902,3,Maka.WAL6650@hushmail.com,8/23/2013,aurora
kaylin shannon,903,7,Kayli.SHANNO8632@hushmail.com,6/24/2015,fort wayne
olivia clarke,904,10,Olivia.CLARKE1485@mail2web.com,1/25/2014,paterson
alaina maddox,905,1,Alaina.MADD1609@yahoo.com,2/11/2013,albuquerque
josiah alvarez,906,5,Josiah.ALVAREZ9437@live.com,1/19/2014,st. paul
aydin blanchard,907,5,Aydin.BLANCH4833@mail2web.com,2/9/2013,eugene
brielle fields,908,1,Brie.FIELDS7954@hushmail.com,10/30/2015,des moines
anabelle good,909,17,Anabe.GOO1558@mail2web.com,6/23/2015,anaheim
carl hobbs,910,15,Ca.HO6822@mail2web.com,3/18/2015,corpus christi
van romero,911,11,Va.ROMER4029@gmail.com,6/25/2015,dayton
destinee foster,912,16,Destinee.FOSTER5972@yahoo.com,5/14/2014,irvine
alina cardenas,913,11,Alin.CARD7789@live.com,7/30/2013,durham
lillianna chang,914,6,Lilli.CH9047@yahoo.com,6/8/2013,fort collins
aylin brewer,915,20,Aylin.BREWER9299@live.com,10/11/2015,peoria
mark riggs,916,10,Ma.RIG7663@mail2web.com,10/14/2013,modesto
sasha guerra,917,8,Sash.GUE1593@mail2web.com,1/19/2014,winston-salem
isabell farmer,918,2,Isa.FAR4113@live.com,9/26/2015,dayton
jaliyah burnett,919,17,Jal.BURNE7434@mail2web.com,8/6/2015,cleveland
kelsie myers,920,2,Kel.MYER9067@mail2web.com,11/18/2014,rochester
carmelo armstrong,921,8,Carmelo.ARMS1043@live.com,1/29/2014,chula vista
monica hull,922,19,Monic.HU6358@gmail.com,12/21/2015,augusta
stephanie mckenzie,923,4,Stephan.MCKE8717@hushmail.com,5/12/2014,winston-salem
maeve wiggins,924,14,Maeve.WIGGIN2729@yahoo.com,11/19/2013,huntsville
jon mosley,925,2,Jo.MOSLE3006@yahoo.com,10/2/2014,fort lauderdale
briana avila,926,15,Bri.AV9406@mail2web.com,9/3/2013,stockton
brantley kirkland,927,5,Brantl.KIRK3756@mail2web.com,10/12/2014,montpelier
ace burch,928,10,Ace.BU1624@yahoo.com,2/6/2014,new york
francisco yates,929,20,Francisco.YATES4928@gmail.com,12/29/2014,virginia beach
harley dominguez,930,20,Harl.DOMI1597@yahoo.com,5/25/2013,san diego
rylen lynn,931,19,Ry.LYN1483@live.com,5/6/2014,mobile
aiyana lloyd,932,4,Aiyana.LLOY8310@gmail.com,7/21/2014,murfreesboro
brooks jordan,933,2,Brook.JOR2031@hushmail.com,9/3/2015,lexington
delaney evans,934,12,Delan.EVA7402@gmail.com,9/13/2013,reno
lilyana stark,935,13,Lilyana.ST6460@mail2web.com,3/11/2013,cincinnati
jamison pugh,936,6,Jami.PUGH8348@gmail.com,1/22/2014,gilbert
zachary hamilton,937,5,Zach.HAMILTO8101@yahoo.com,4/10/2013,tampa
charity bowers,938,3,Charity.BOWER2884@gmail.com,11/29/2013,scottsdale
connor mcmillan,939,6,Con.MCMI6324@gmail.com,11/7/2013,peoria
izaiah conrad,940,16,Izaiah.CONR1878@live.com,7/17/2015,irving
rachael gentry,941,4,Rach.GENTRY9027@hushmail.com,3/8/2015,huntsville
isabell lowery,942,12,Isabe.LOWER4040@mail2web.com,8/4/2013,riverside
jamir blevins,943,13,Ja.BLEVINS8936@mail2web.com,12/6/2015,fayetteville
jaqueline roman,944,18,Jaquelin.ROMA8646@live.com,6/4/2013,madison
malik rocha,945,4,Ma.ROCH7093@mail2web.com,2/22/2015,tulsa
kaylynn barnett,946,5,Kaylyn.BARNETT7063@mail2web.com,3/14/2014,seattle
jagger golden,947,15,Jagge.GOLDE3096@live.com,9/6/2014,bakersfield
mikayla avery,948,19,Mik.AVE9155@hushmail.com,11/6/2015,norfolk
noemi walters,949,2,Noemi.WALTER9838@yahoo.com,2/17/2013,hialeah
jaylon howard,950,19,Jaylo.HOWAR8581@mail2web.com,11/30/2014,tampa
lauryn obrien,951,15,Laury.OBRIEN8894@yahoo.com,1/2/2014,baton rouge
karla rose,952,3,Karla.ROSE8996@hushmail.com,12/28/2014,hollywood
lawrence beard,953,2,Lawre.BE7410@mail2web.com,2/8/2015,raleigh
kylie gaines,954,4,Kyli.GAINES6227@yahoo.com,7/14/2014,shreveport
myles ewing,955,3,Myl.EWI8607@gmail.com,6/23/2015,omaha
shawn morrow,956,9,Shawn.MORR4969@yahoo.com,1/20/2015,philadelphia
colby carney,957,1,Col.CARN8493@mail2web.com,1/18/2015,virginia beach
elliot dickson,958,10,Ell.DIC7340@hushmail.com,9/8/2014,scottsdale
joe byrd,959,2,Joe.BYR5995@gmail.com,1/18/2013,stockton
cale edwards,960,9,Cal.EDW1333@gmail.com,10/17/2013,newark
jessie fuentes,961,19,Jes.FUENT5642@mail2web.com,12/16/2013,akron
talon mcconnell,962,9,Tal.MCCON1758@mail2web.com,6/16/2014,overland park
bruce bailey,963,9,Bru.BAI6790@gmail.com,4/25/2013,overland park
tyson estes,964,17,Tyson.ESTES9580@mail2web.com,8/10/2014,worcester
nikolas holman,965,5,Nik.HOL4203@live.com,6/14/2013,san francisco
dominik mcconnell,966,2,Domi.MCCONNELL7688@hushmail.com,5/12/2014,miami
nyla watts,967,10,Ny.WATT3946@gmail.com,8/17/2015,fargo
zion vega,968,14,Zio.VEG7082@gmail.com,9/19/2013,augusta
abrielle harding,969,3,Abrie.HARDI8669@yahoo.com,12/24/2013,tempe
dawson saunders,970,10,Daw.SAUN4981@mail2web.com,8/4/2015,savannah
valentina lewis,971,2,Valentina.LE1437@yahoo.com,9/24/2013,mesa
muhammad burton,972,19,Muhamma.BUR2978@gmail.com,1/6/2015,thornton
malcolm madden,973,4,Malcol.MADD8513@live.com,11/16/2014,lakewood
douglas velazquez,974,9,Dougla.VELAZ7439@live.com,5/16/2013,irving
isaias robles,975,19,Isaias.ROBLES8942@gmail.com,8/28/2013,tampa
arian hart,976,16,Ari.HA9289@live.com,3/28/2015,los angeles
alan bass,977,5,Alan.BA5384@gmail.com,6/10/2013,columbus
shane hayden,978,12,Sha.HAYDE3781@live.com,4/30/2015,fort collins
alfonso coleman,979,11,Alfons.COL4154@hushmail.com,7/4/2014,gainesville
andrew cook,980,19,And.COOK1261@yahoo.com,12/18/2013,clarksville
evangeline combs,981,16,Evangel.COMB8305@hushmail.com,6/2/2013,sterling heights
kaylin dudley,982,19,Kay.DUD9122@mail2web.com,6/11/2015,worcester
rylee lawrence,983,5,Rylee.LAWRE2902@mail2web.com,9/8/2013,jersey city
amy silva,984,3,Amy.SILVA3501@mail2web.com,12/22/2014,fort collins
demetrius norton,985,1,Demetri.NORTON2302@hushmail.com,9/19/2014,anchorage
kade berg,986,13,Ka.BER8406@live.com,10/9/2015,nashville
beatrice douglas,987,13,Beatr.DOU1870@live.com,5/29/2014,san francisco
camren kirkland,988,8,Camre.KIRKLAN5459@live.com,8/18/2015,worcester
tyrell pena,989,14,Tyrell.PE7710@hushmail.com,11/24/2014,hollywood
johnathan warner,990,8,Johna.WARN4088@gmail.com,6/23/2013,greensboro
nathaly talley,991,2,Natha.TALLE8536@live.com,3/27/2015,arlington
eliseo young,992,8,Eliseo.YOUN1600@live.com,1/7/2014,hampton
rene blair,993,18,Rene.BLAIR2293@gmail.com,7/18/2015,peoria
charlee lambert,994,19,Charlee.LAMBE9103@hushmail.com,11/28/2013,fort wayne
luna vincent,995,4,Luna.VINCENT1542@gmail.com,8/4/2015,memphis
kenny wong,996,4,Ke.WO1467@mail2web.com,11/1/2015,springfield
bruce pratt,997,14,Bru.PRATT1745@mail2web.com,2/15/2015,stamford
dwayne marquez,998,16,Dwa.MAR5481@yahoo.com,10/16/2013,jersey city
ciara juarez,999,11,Ciar.JUA7688@yahoo.com,8/18/2013,bellevue
dalia norris,1000,15,Dal.NORR2980@mail2web.com,3/20/2015,evansville
